tournament_id,tournament_name,award_id,award_name,shared,player_id,family_name,given_name,team_id,team_name,team_code
WC-1930,1930 FIFA Men's World Cup,A-4,Golden Boot,0,P-56486,Stábile,Guillermo,T-03,Argentina,ARG
WC-1930,1930 FIFA Men's World Cup,A-5,Silver Boot,0,P-18628,Cea,Pedro,T-84,Uruguay,URY
WC-1930,1930 FIFA Men's World Cup,A-6,Bronze Boot,0,P-71973,Patenaude,Bert,T-83,United States,USA
WC-1934,1934 FIFA Men's World Cup,A-4,Golden Boot,0,P-60513,Nejedlý,Oldřich,T-21,Czechoslovakia,CSK
WC-1934,1934 FIFA Men's World Cup,A-5,Silver Boot,1,P-77348,Conen,Edmund,T-31,Germany,DEU
WC-1934,1934 FIFA Men's World Cup,A-5,Silver Boot,1,P-56703,Schiavio,Angelo,T-41,Italy,ITA
WC-1938,1938 FIFA Men's World Cup,A-4,Golden Boot,0,P-09730,Leônidas,not applicable,T-09,Brazil,BRA
WC-1938,1938 FIFA Men's World Cup,A-5,Silver Boot,1,P-65885,Piola,Silvio,T-41,Italy,ITA
WC-1938,1938 FIFA Men's World Cup,A-5,Silver Boot,1,P-89034,Sárosi,György,T-36,Hungary,HUN
WC-1938,1938 FIFA Men's World Cup,A-5,Silver Boot,1,P-67652,Zsengellér,Gyula,T-36,Hungary,HUN
WC-1950,1950 FIFA Men's World Cup,A-4,Golden Boot,0,P-49381,Ademir,not applicable,T-09,Brazil,BRA
WC-1950,1950 FIFA Men's World Cup,A-5,Silver Boot,0,P-18523,Míguez,Oscar,T-84,Uruguay,URY
WC-1950,1950 FIFA Men's World Cup,A-6,Bronze Boot,1,P-26928,Basora,Estanislau,T-73,Spain,ESP
WC-1950,1950 FIFA Men's World Cup,A-6,Bronze Boot,1,P-22428,Chico,not applicable,T-09,Brazil,BRA
WC-1950,1950 FIFA Men's World Cup,A-6,Bronze Boot,1,P-16302,Ghiggia,Alcides,T-84,Uruguay,URY
WC-1950,1950 FIFA Men's World Cup,A-6,Bronze Boot,1,P-65220,Zarra,Telmo,T-73,Spain,ESP
WC-1954,1954 FIFA Men's World Cup,A-4,Golden Boot,0,P-07028,Kocsis,Sándor,T-36,Hungary,HUN
WC-1954,1954 FIFA Men's World Cup,A-5,Silver Boot,1,P-14406,Hügi,Josef,T-75,Switzerland,CHE
WC-1954,1954 FIFA Men's World Cup,A-5,Silver Boot,1,P-05766,Morlock,Max,T-86,West Germany,DEU
WC-1954,1954 FIFA Men's World Cup,A-5,Silver Boot,1,P-85257,Probst,Erich,T-05,Austria,AUT
WC-1958,1958 FIFA Men's World Cup,A-4,Golden Boot,0,P-77939,Fontaine,Just,T-30,France,FRA
WC-1958,1958 FIFA Men's World Cup,A-5,Silver Boot,1,P-38906,Pelé,not applicable,T-09,Brazil,BRA
WC-1958,1958 FIFA Men's World Cup,A-5,Silver Boot,1,P-08136,Rahn,Helmut,T-86,West Germany,DEU
WC-1958,1958 FIFA Men's World Cup,A-8,Best Young Player,0,P-38906,Pelé,not applicable,T-09,Brazil,BRA
WC-1962,1962 FIFA Men's World Cup,A-4,Golden Boot,1,P-21188,Albert,Flórián,T-36,Hungary,HUN
WC-1962,1962 FIFA Men's World Cup,A-4,Golden Boot,1,P-46080,Garrincha,not applicable,T-09,Brazil,BRA
WC-1962,1962 FIFA Men's World Cup,A-4,Golden Boot,1,P-11702,Ivanov,Valentin,T-72,Soviet Union,SUN
WC-1962,1962 FIFA Men's World Cup,A-4,Golden Boot,1,P-55024,Jerković,Dražan,T-87,Yugoslavia,YUG
WC-1962,1962 FIFA Men's World Cup,A-4,Golden Boot,1,P-22224,Sánchez,Leonel,T-13,Chile,CHL
WC-1962,1962 FIFA Men's World Cup,A-4,Golden Boot,1,P-45310,Vavá,not applicable,T-09,Brazil,BRA
WC-1962,1962 FIFA Men's World Cup,A-8,Best Young Player,0,P-21188,Albert,Flórián,T-36,Hungary,HUN
WC-1966,1966 FIFA Men's World Cup,A-4,Golden Boot,0,P-74747,Eusébio,not applicable,T-58,Portugal,PRT
WC-1966,1966 FIFA Men's World Cup,A-5,Silver Boot,0,P-12272,Haller,Helmut,T-86,West Germany,DEU
WC-1966,1966 FIFA Men's World Cup,A-6,Bronze Boot,1,P-72864,Beckenbauer,Franz,T-86,West Germany,DEU
WC-1966,1966 FIFA Men's World Cup,A-6,Bronze Boot,1,P-82516,Bene,Ferenc,T-36,Hungary,HUN
WC-1966,1966 FIFA Men's World Cup,A-6,Bronze Boot,1,P-34802,Hurst,Geoff,T-28,England,ENG
WC-1966,1966 FIFA Men's World Cup,A-6,Bronze Boot,1,P-53800,Porkujan,Valeriy,T-72,Soviet Union,SUN
WC-1966,1966 FIFA Men's World Cup,A-8,Best Young Player,0,P-72864,Beckenbauer,Franz,T-86,West Germany,DEU
WC-1970,1970 FIFA Men's World Cup,A-4,Golden Boot,0,P-72441,Müller,Gerd,T-86,West Germany,DEU
WC-1970,1970 FIFA Men's World Cup,A-5,Silver Boot,0,P-77430,Jairzinho,not applicable,T-09,Brazil,BRA
WC-1970,1970 FIFA Men's World Cup,A-6,Bronze Boot,0,P-96979,Cubillas,Teófilo,T-56,Peru,PER
WC-1970,1970 FIFA Men's World Cup,A-8,Best Young Player,0,P-96979,Cubillas,Teófilo,T-56,Peru,PER
WC-1974,1974 FIFA Men's World Cup,A-4,Golden Boot,0,P-21597,Lato,Grzegorz,T-57,Poland,POL
WC-1974,1974 FIFA Men's World Cup,A-5,Silver Boot,1,P-16991,Neeskens,Johan,T-48,Netherlands,NLD
WC-1974,1974 FIFA Men's World Cup,A-5,Silver Boot,1,P-92867,Szarmach,Andrzej,T-57,Poland,POL
WC-1974,1974 FIFA Men's World Cup,A-8,Best Young Player,0,P-48883,Żmuda,Władysław,T-57,Poland,POL
WC-1978,1978 FIFA Men's World Cup,A-1,Golden Ball,0,P-35082,Kempes,Mario,T-03,Argentina,ARG
WC-1978,1978 FIFA Men's World Cup,A-2,Silver Ball,0,P-91717,Rossi,Paolo,T-41,Italy,ITA
WC-1978,1978 FIFA Men's World Cup,A-3,Bronze Ball,0,P-89519,Dirceu,not applicable,T-09,Brazil,BRA
WC-1978,1978 FIFA Men's World Cup,A-4,Golden Boot,0,P-35082,Kempes,Mario,T-03,Argentina,ARG
WC-1978,1978 FIFA Men's World Cup,A-5,Silver Boot,0,P-96979,Cubillas,Teófilo,T-56,Peru,PER
WC-1978,1978 FIFA Men's World Cup,A-6,Bronze Boot,0,P-63266,Rensenbrink,Rob,T-48,Netherlands,NLD
WC-1978,1978 FIFA Men's World Cup,A-8,Best Young Player,0,P-03775,Cabrini,Antonio,T-41,Italy,ITA
WC-1982,1982 FIFA Men's World Cup,A-1,Golden Ball,0,P-91717,Rossi,Paolo,T-41,Italy,ITA
WC-1982,1982 FIFA Men's World Cup,A-2,Silver Ball,0,P-35736,Falcão,not applicable,T-09,Brazil,BRA
WC-1982,1982 FIFA Men's World Cup,A-3,Bronze Ball,0,P-59574,Rummenigge,Karl-Heinz,T-86,West Germany,DEU
WC-1982,1982 FIFA Men's World Cup,A-4,Golden Boot,0,P-91717,Rossi,Paolo,T-41,Italy,ITA
WC-1982,1982 FIFA Men's World Cup,A-5,Silver Boot,0,P-59574,Rummenigge,Karl-Heinz,T-86,West Germany,DEU
WC-1982,1982 FIFA Men's World Cup,A-6,Bronze Boot,0,P-37483,Zico,not applicable,T-09,Brazil,BRA
WC-1982,1982 FIFA Men's World Cup,A-8,Best Young Player,0,P-69834,Amoros,Manuel,T-30,France,FRA
WC-1986,1986 FIFA Men's World Cup,A-1,Golden Ball,0,P-80404,Maradona,Diego,T-03,Argentina,ARG
WC-1986,1986 FIFA Men's World Cup,A-2,Silver Ball,0,P-07171,Schumacher,Harald,T-86,West Germany,DEU
WC-1986,1986 FIFA Men's World Cup,A-3,Bronze Ball,0,P-36502,Elkjær,Preben,T-22,Denmark,DNK
WC-1986,1986 FIFA Men's World Cup,A-4,Golden Boot,0,P-36651,Lineker,Gary,T-28,England,ENG
WC-1986,1986 FIFA Men's World Cup,A-5,Silver Boot,1,P-12940,Butragueño,Emilio,T-73,Spain,ESP
WC-1986,1986 FIFA Men's World Cup,A-5,Silver Boot,1,P-90635,Careca,not applicable,T-09,Brazil,BRA
WC-1986,1986 FIFA Men's World Cup,A-5,Silver Boot,1,P-80404,Maradona,Diego,T-03,Argentina,ARG
WC-1986,1986 FIFA Men's World Cup,A-8,Best Young Player,0,P-97414,Scifo,Enzo,T-06,Belgium,BEL
WC-1990,1990 FIFA Men's World Cup,A-1,Golden Ball,0,P-76544,Schillaci,Salvatore,T-41,Italy,ITA
WC-1990,1990 FIFA Men's World Cup,A-2,Silver Ball,0,P-49502,Matthäus,Lothar,T-86,West Germany,DEU
WC-1990,1990 FIFA Men's World Cup,A-3,Bronze Ball,0,P-80404,Maradona,Diego,T-03,Argentina,ARG
WC-1990,1990 FIFA Men's World Cup,A-4,Golden Boot,0,P-76544,Schillaci,Salvatore,T-41,Italy,ITA
WC-1990,1990 FIFA Men's World Cup,A-5,Silver Boot,0,P-71260,Skuhravý,Tomáš,T-21,Czechoslovakia,CSK
WC-1990,1990 FIFA Men's World Cup,A-6,Bronze Boot,1,P-36651,Lineker,Gary,T-28,England,ENG
WC-1990,1990 FIFA Men's World Cup,A-6,Bronze Boot,1,P-58080,Milla,Roger,T-11,Cameroon,CMR
WC-1990,1990 FIFA Men's World Cup,A-8,Best Young Player,0,P-62861,Prosinečki,Robert,T-87,Yugoslavia,YUG
WC-1991,1991 FIFA Women's World Cup,A-1,Golden Ball,0,P-99328,Jennings-Gabarra,Carin,T-83,United States,USA
WC-1991,1991 FIFA Women's World Cup,A-2,Silver Ball,0,P-54794,Akers,Michelle,T-83,United States,USA
WC-1991,1991 FIFA Women's World Cup,A-3,Bronze Ball,0,P-58688,Medalen,Linda,T-53,Norway,NOR
WC-1991,1991 FIFA Women's World Cup,A-4,Golden Boot,0,P-54794,Akers,Michelle,T-83,United States,USA
WC-1991,1991 FIFA Women's World Cup,A-5,Silver Boot,0,P-30335,Mohr,Heidi,T-31,Germany,DEU
WC-1991,1991 FIFA Women's World Cup,A-6,Bronze Boot,1,P-99328,Jennings-Gabarra,Carin,T-83,United States,USA
WC-1991,1991 FIFA Women's World Cup,A-6,Bronze Boot,1,P-58688,Medalen,Linda,T-53,Norway,NOR
WC-1994,1994 FIFA Men's World Cup,A-1,Golden Ball,0,P-61251,Romário,not applicable,T-09,Brazil,BRA
WC-1994,1994 FIFA Men's World Cup,A-2,Silver Ball,0,P-78756,Baggio,Roberto,T-41,Italy,ITA
WC-1994,1994 FIFA Men's World Cup,A-3,Bronze Ball,0,P-81648,Stoichkov,Hristo,T-10,Bulgaria,BGR
WC-1994,1994 FIFA Men's World Cup,A-4,Golden Boot,1,P-73354,Salenko,Oleg,T-62,Russia,RUS
WC-1994,1994 FIFA Men's World Cup,A-4,Golden Boot,1,P-81648,Stoichkov,Hristo,T-10,Bulgaria,BGR
WC-1994,1994 FIFA Men's World Cup,A-6,Bronze Boot,1,P-60371,Andersson,Kennet,T-74,Sweden,SWE
WC-1994,1994 FIFA Men's World Cup,A-6,Bronze Boot,1,P-61251,Romário,not applicable,T-09,Brazil,BRA
WC-1994,1994 FIFA Men's World Cup,A-7,Golden Glove,0,P-00531,Preud'homme,Michel,T-06,Belgium,BEL
WC-1994,1994 FIFA Men's World Cup,A-8,Best Young Player,0,P-33834,Overmars,Marc,T-48,Netherlands,NLD
WC-1995,1995 FIFA Women's World Cup,A-1,Golden Ball,0,P-84389,Riise,Hege,T-53,Norway,NOR
WC-1995,1995 FIFA Women's World Cup,A-2,Silver Ball,0,P-67204,Espeseth,Gro,T-53,Norway,NOR
WC-1995,1995 FIFA Women's World Cup,A-3,Bronze Ball,0,P-29915,Aarønes,Ann Kristin,T-53,Norway,NOR
WC-1995,1995 FIFA Women's World Cup,A-4,Golden Boot,0,P-29915,Aarønes,Ann Kristin,T-53,Norway,NOR
WC-1995,1995 FIFA Women's World Cup,A-5,Silver Boot,0,P-84389,Riise,Hege,T-53,Norway,NOR
WC-1995,1995 FIFA Women's World Cup,A-6,Bronze Boot,0,P-35093,Shi,Guihong,T-14,China,CHN
WC-1998,1998 FIFA Men's World Cup,A-1,Golden Ball,0,P-62722,Ronaldo,not applicable,T-09,Brazil,BRA
WC-1998,1998 FIFA Men's World Cup,A-2,Silver Ball,0,P-58374,Šuker,Davor,T-18,Croatia,HRV
WC-1998,1998 FIFA Men's World Cup,A-3,Bronze Ball,0,P-56947,Thuram,Lilian,T-30,France,FRA
WC-1998,1998 FIFA Men's World Cup,A-4,Golden Boot,0,P-58374,Šuker,Davor,T-18,Croatia,HRV
WC-1998,1998 FIFA Men's World Cup,A-5,Silver Boot,1,P-84542,Batistuta,Gabriel,T-03,Argentina,ARG
WC-1998,1998 FIFA Men's World Cup,A-5,Silver Boot,1,P-34670,Vieri,Christian,T-41,Italy,ITA
WC-1998,1998 FIFA Men's World Cup,A-7,Golden Glove,0,P-55991,Barthez,Fabien,T-30,France,FRA
WC-1998,1998 FIFA Men's World Cup,A-8,Best Young Player,0,P-51130,Owen,Michael,T-28,England,ENG
WC-1999,1999 FIFA Women's World Cup,A-1,Golden Ball,0,P-14903,Sun,Wen,T-14,China,CHN
WC-1999,1999 FIFA Women's World Cup,A-2,Silver Ball,0,P-57452,Sissi,not applicable,T-09,Brazil,BRA
WC-1999,1999 FIFA Women's World Cup,A-3,Bronze Ball,0,P-54794,Akers,Michelle,T-83,United States,USA
WC-1999,1999 FIFA Women's World Cup,A-4,Golden Boot,1,P-57452,Sissi,not applicable,T-09,Brazil,BRA
WC-1999,1999 FIFA Women's World Cup,A-4,Golden Boot,1,P-14903,Sun,Wen,T-14,China,CHN
WC-1999,1999 FIFA Women's World Cup,A-6,Bronze Boot,0,P-29915,Aarønes,Ann Kristin,T-53,Norway,NOR
WC-1999,1999 FIFA Women's World Cup,A-7,Golden Glove,1,P-75180,Gao,Hong,T-14,China,CHN
WC-1999,1999 FIFA Women's World Cup,A-7,Golden Glove,1,P-17759,Scurry,Briana,T-83,United States,USA
WC-2002,2002 FIFA Men's World Cup,A-1,Golden Ball,0,P-33751,Kahn,Oliver,T-31,Germany,DEU
WC-2002,2002 FIFA Men's World Cup,A-2,Silver Ball,0,P-62722,Ronaldo,not applicable,T-09,Brazil,BRA
WC-2002,2002 FIFA Men's World Cup,A-3,Bronze Ball,0,P-55097,Hong,Myung-bo,T-71,South Korea,KOR
WC-2002,2002 FIFA Men's World Cup,A-4,Golden Boot,0,P-62722,Ronaldo,not applicable,T-09,Brazil,BRA
WC-2002,2002 FIFA Men's World Cup,A-5,Silver Boot,1,P-27787,Klose,Miroslav,T-31,Germany,DEU
WC-2002,2002 FIFA Men's World Cup,A-5,Silver Boot,1,P-74261,Rivaldo,not applicable,T-09,Brazil,BRA
WC-2002,2002 FIFA Men's World Cup,A-7,Golden Glove,0,P-33751,Kahn,Oliver,T-31,Germany,DEU
WC-2002,2002 FIFA Men's World Cup,A-8,Best Young Player,0,P-05728,Donovan,Landon,T-83,United States,USA
WC-2003,2003 FIFA Women's World Cup,A-1,Golden Ball,0,P-52478,Prinz,Birgit,T-31,Germany,DEU
WC-2003,2003 FIFA Women's World Cup,A-2,Silver Ball,0,P-36470,Svensson,Victoria,T-74,Sweden,SWE
WC-2003,2003 FIFA Women's World Cup,A-3,Bronze Ball,0,P-50598,Meinert,Maren,T-31,Germany,DEU
WC-2003,2003 FIFA Women's World Cup,A-4,Golden Boot,0,P-52478,Prinz,Birgit,T-31,Germany,DEU
WC-2003,2003 FIFA Women's World Cup,A-5,Silver Boot,0,P-50598,Meinert,Maren,T-31,Germany,DEU
WC-2003,2003 FIFA Women's World Cup,A-6,Bronze Boot,0,P-90420,Kátia,not applicable,T-09,Brazil,BRA
WC-2003,2003 FIFA Women's World Cup,A-7,Golden Glove,0,P-36668,Rottenberg,Silke,T-31,Germany,DEU
WC-2006,2006 FIFA Men's World Cup,A-1,Golden Ball,0,P-56430,Zidane,Zinedine,T-30,France,FRA
WC-2006,2006 FIFA Men's World Cup,A-2,Silver Ball,0,P-88863,Cannavaro,Fabio,T-41,Italy,ITA
WC-2006,2006 FIFA Men's World Cup,A-3,Bronze Ball,0,P-99537,Pirlo,Andrea,T-41,Italy,ITA
WC-2006,2006 FIFA Men's World Cup,A-4,Golden Boot,0,P-27787,Klose,Miroslav,T-31,Germany,DEU
WC-2006,2006 FIFA Men's World Cup,A-5,Silver Boot,0,P-19888,Crespo,Hernán,T-03,Argentina,ARG
WC-2006,2006 FIFA Men's World Cup,A-6,Bronze Boot,0,P-62722,Ronaldo,not applicable,T-09,Brazil,BRA
WC-2006,2006 FIFA Men's World Cup,A-7,Golden Glove,0,P-11392,Buffon,Gianluigi,T-41,Italy,ITA
WC-2006,2006 FIFA Men's World Cup,A-8,Best Young Player,0,P-36287,Podolski,Lukas,T-31,Germany,DEU
WC-2007,2007 FIFA Women's World Cup,A-1,Golden Ball,0,P-07458,Marta,not applicable,T-09,Brazil,BRA
WC-2007,2007 FIFA Women's World Cup,A-2,Silver Ball,0,P-52478,Prinz,Birgit,T-31,Germany,DEU
WC-2007,2007 FIFA Women's World Cup,A-3,Bronze Ball,0,P-93057,Cristiane,not applicable,T-09,Brazil,BRA
WC-2007,2007 FIFA Women's World Cup,A-4,Golden Boot,0,P-07458,Marta,not applicable,T-09,Brazil,BRA
WC-2007,2007 FIFA Women's World Cup,A-5,Silver Boot,0,P-89236,Wambach,Abby,T-83,United States,USA
WC-2007,2007 FIFA Women's World Cup,A-6,Bronze Boot,0,P-74483,Gulbrandsen,Ragnhild,T-53,Norway,NOR
WC-2007,2007 FIFA Women's World Cup,A-7,Golden Glove,0,P-54576,Angerer,Nadine,T-31,Germany,DEU
WC-2010,2010 FIFA Men's World Cup,A-1,Golden Ball,0,P-86087,Forlán,Diego,T-84,Uruguay,URY
WC-2010,2010 FIFA Men's World Cup,A-2,Silver Ball,0,P-51336,Sneijder,Wesley,T-48,Netherlands,NLD
WC-2010,2010 FIFA Men's World Cup,A-3,Bronze Ball,0,P-49097,Villa,David,T-73,Spain,ESP
WC-2010,2010 FIFA Men's World Cup,A-4,Golden Boot,0,P-28154,Müller,Thomas,T-31,Germany,DEU
WC-2010,2010 FIFA Men's World Cup,A-5,Silver Boot,0,P-49097,Villa,David,T-73,Spain,ESP
WC-2010,2010 FIFA Men's World Cup,A-6,Bronze Boot,0,P-51336,Sneijder,Wesley,T-48,Netherlands,NLD
WC-2010,2010 FIFA Men's World Cup,A-7,Golden Glove,0,P-61793,Casillas,Iker,T-73,Spain,ESP
WC-2010,2010 FIFA Men's World Cup,A-8,Best Young Player,0,P-28154,Müller,Thomas,T-31,Germany,DEU
WC-2011,2011 FIFA Women's World Cup,A-1,Golden Ball,0,P-72113,Sawa,Homare,T-44,Japan,JPN
WC-2011,2011 FIFA Women's World Cup,A-2,Silver Ball,0,P-89236,Wambach,Abby,T-83,United States,USA
WC-2011,2011 FIFA Women's World Cup,A-3,Bronze Ball,0,P-80833,Solo,Hope,T-83,United States,USA
WC-2011,2011 FIFA Women's World Cup,A-4,Golden Boot,0,P-72113,Sawa,Homare,T-44,Japan,JPN
WC-2011,2011 FIFA Women's World Cup,A-5,Silver Boot,0,P-07458,Marta,not applicable,T-09,Brazil,BRA
WC-2011,2011 FIFA Women's World Cup,A-6,Bronze Boot,0,P-89236,Wambach,Abby,T-83,United States,USA
WC-2011,2011 FIFA Women's World Cup,A-7,Golden Glove,0,P-80833,Solo,Hope,T-83,United States,USA
WC-2011,2011 FIFA Women's World Cup,A-8,Best Young Player,0,P-87785,Foord,Caitlin,T-04,Australia,AUS
WC-2014,2014 FIFA Men's World Cup,A-1,Golden Ball,0,P-14758,Messi,Lionel,T-03,Argentina,ARG
WC-2014,2014 FIFA Men's World Cup,A-2,Silver Ball,0,P-28154,Müller,Thomas,T-31,Germany,DEU
WC-2014,2014 FIFA Men's World Cup,A-3,Bronze Ball,0,P-23705,Robben,Arjen,T-48,Netherlands,NLD
WC-2014,2014 FIFA Men's World Cup,A-4,Golden Boot,0,P-89392,Rodríguez,James,T-16,Colombia,COL
WC-2014,2014 FIFA Men's World Cup,A-5,Silver Boot,0,P-28154,Müller,Thomas,T-31,Germany,DEU
WC-2014,2014 FIFA Men's World Cup,A-6,Bronze Boot,0,P-87008,Neymar,not applicable,T-09,Brazil,BRA
WC-2014,2014 FIFA Men's World Cup,A-7,Golden Glove,0,P-19408,Neuer,Manuel,T-31,Germany,DEU
WC-2014,2014 FIFA Men's World Cup,A-8,Best Young Player,0,P-17509,Pogba,Paul,T-30,France,FRA
WC-2015,2015 FIFA Women's World Cup,A-1,Golden Ball,0,P-62104,Lloyd,Carli,T-83,United States,USA
WC-2015,2015 FIFA Women's World Cup,A-2,Silver Ball,0,P-64050,Henry,Amandine,T-30,France,FRA
WC-2015,2015 FIFA Women's World Cup,A-3,Bronze Ball,0,P-04310,Miyama,Aya,T-44,Japan,JPN
WC-2015,2015 FIFA Women's World Cup,A-4,Golden Boot,0,P-66612,Šašić,Célia,T-31,Germany,DEU
WC-2015,2015 FIFA Women's World Cup,A-5,Silver Boot,0,P-62104,Lloyd,Carli,T-83,United States,USA
WC-2015,2015 FIFA Women's World Cup,A-6,Bronze Boot,0,P-30564,Mittag,Anja,T-31,Germany,DEU
WC-2015,2015 FIFA Women's World Cup,A-7,Golden Glove,0,P-80833,Solo,Hope,T-83,United States,USA
WC-2015,2015 FIFA Women's World Cup,A-8,Best Young Player,0,P-60142,Buchanan,Kadeisha,T-12,Canada,CAN
WC-2018,2018 FIFA Men's World Cup,A-1,Golden Ball,0,P-29491,Modrić,Luka,T-18,Croatia,HRV
WC-2018,2018 FIFA Men's World Cup,A-2,Silver Ball,0,P-72011,Hazard,Eden,T-06,Belgium,BEL
WC-2018,2018 FIFA Men's World Cup,A-3,Bronze Ball,0,P-90908,Griezmann,Antoine,T-30,France,FRA
WC-2018,2018 FIFA Men's World Cup,A-4,Golden Boot,0,P-58924,Kane,Harry,T-28,England,ENG
WC-2018,2018 FIFA Men's World Cup,A-5,Silver Boot,0,P-90908,Griezmann,Antoine,T-30,France,FRA
WC-2018,2018 FIFA Men's World Cup,A-6,Bronze Boot,0,P-72637,Lukaku,Romelu,T-06,Belgium,BEL
WC-2018,2018 FIFA Men's World Cup,A-7,Golden Glove,0,P-09658,Courtois,Thibaut,T-06,Belgium,BEL
WC-2018,2018 FIFA Men's World Cup,A-8,Best Young Player,0,P-64077,Mbappé,Kylian,T-30,France,FRA
WC-2019,2019 FIFA Women's World Cup,A-1,Golden Ball,0,P-09273,Rapinoe,Megan,T-83,United States,USA
WC-2019,2019 FIFA Women's World Cup,A-2,Silver Ball,0,P-23779,Bronze,Lucy,T-28,England,ENG
WC-2019,2019 FIFA Women's World Cup,A-3,Bronze Ball,0,P-65982,Lavelle,Rose,T-83,United States,USA
WC-2019,2019 FIFA Women's World Cup,A-4,Golden Boot,0,P-09273,Rapinoe,Megan,T-83,United States,USA
WC-2019,2019 FIFA Women's World Cup,A-5,Silver Boot,0,P-37034,Morgan,Alex,T-83,United States,USA
WC-2019,2019 FIFA Women's World Cup,A-6,Bronze Boot,0,P-84864,White,Ellen,T-28,England,ENG
WC-2019,2019 FIFA Women's World Cup,A-7,Golden Glove,0,P-47320,van Veenendaal,Sari,T-48,Netherlands,NLD
WC-2019,2019 FIFA Women's World Cup,A-8,Best Young Player,0,P-91637,Gwinn,Giulia,T-31,Germany,DEU
WC-2022,2022 FIFA Men's World Cup,A-1,Golden Ball,0,P-14758,Messi,Lionel,T-03,Argentina,ARG
WC-2022,2022 FIFA Men's World Cup,A-2,Silver Ball,0,P-64077,Mbappé,Kylian,T-30,France,FRA
WC-2022,2022 FIFA Men's World Cup,A-3,Bronze Ball,0,P-29491,Modrić,Luka,T-18,Croatia,HRV
WC-2022,2022 FIFA Men's World Cup,A-4,Golden Boot,0,P-64077,Mbappé,Kylian,T-30,France,FRA
WC-2022,2022 FIFA Men's World Cup,A-5,Silver Boot,0,P-14758,Messi,Lionel,T-03,Argentina,ARG
WC-2022,2022 FIFA Men's World Cup,A-6,Bronze Boot,0,P-89750,Giroud,Olivier,T-30,France,FRA
WC-2022,2022 FIFA Men's World Cup,A-7,Golden Glove,0,P-13162,Martínez,Emiliano,T-03,Argentina,ARG
WC-2022,2022 FIFA Men's World Cup,A-8,Best Young Player,0,P-10739,Fernández,Enzo,T-03,Argentina,ARG
