team_id,team_name,team_code,mens_team,womens_team,confederation_id,mens_team_wikipedia_link,womens_team_wikipedia_link,federation_wikipedia_link
T-01,Algeria,DZA,1,0,CF-2,https://en.wikipedia.org/wiki/Algeria_national_football_team,,https://en.wikipedia.org/wiki/Algerian_Football_Federation
T-02,Angola,AGO,1,0,CF-2,https://en.wikipedia.org/wiki/Angola_national_football_team,,https://en.wikipedia.org/wiki/Angolan_Football_Federation
T-03,Argentina,ARG,1,1,CF-4,https://en.wikipedia.org/wiki/Argentina_national_football_team,https://en.wikipedia.org/wiki/Argentina_women's_national_football_team,https://en.wikipedia.org/wiki/Argentine_Football_Association
T-04,Australia,AUS,1,1,CF-1,https://en.wikipedia.org/wiki/Australia_men%27s_national_soccer_team,https://en.wikipedia.org/wiki/Australia_women's_national_soccer_team,https://en.wikipedia.org/wiki/Football_Australia
T-05,Austria,AUT,1,0,CF-6,https://en.wikipedia.org/wiki/Austria_national_football_team,,https://en.wikipedia.org/wiki/Austrian_Football_Association
T-06,Belgium,BEL,1,0,CF-6,https://en.wikipedia.org/wiki/Belgium_national_football_team,,https://en.wikipedia.org/wiki/Royal_Belgian_Football_Association
T-07,Bolivia,BOL,1,0,CF-4,https://en.wikipedia.org/wiki/Bolivia_national_football_team,,https://en.wikipedia.org/wiki/Bolivian_Football_Federation
T-08,Bosnia and Herzegovina,BIH,1,0,CF-6,https://en.wikipedia.org/wiki/Bosnia_and_Herzegovina_national_football_team,,https://en.wikipedia.org/wiki/Football_Association_of_Bosnia_and_Herzegovina
T-09,Brazil,BRA,1,1,CF-4,https://en.wikipedia.org/wiki/Brazil_national_football_team,https://en.wikipedia.org/wiki/Brazil_women's_national_football_team,https://en.wikipedia.org/wiki/Brazilian_Football_Confederation
T-10,Bulgaria,BGR,1,0,CF-6,https://en.wikipedia.org/wiki/Bulgaria_national_football_team,,https://en.wikipedia.org/wiki/Bulgarian_Football_Union
T-11,Cameroon,CMR,1,1,CF-2,https://en.wikipedia.org/wiki/Cameroon_national_football_team,https://en.wikipedia.org/wiki/Cameroon_women's_national_football_team,https://en.wikipedia.org/wiki/Cameroonian_Football_Federation
T-12,Canada,CAN,1,1,CF-3,https://en.wikipedia.org/wiki/Canada_men%27s_national_soccer_team,https://en.wikipedia.org/wiki/Canada_women's_national_soccer_team,https://en.wikipedia.org/wiki/Canadian_Soccer_Association
T-13,Chile,CHL,1,1,CF-4,https://en.wikipedia.org/wiki/Chile_national_football_team,https://en.wikipedia.org/wiki/Chile_women's_national_football_team,https://en.wikipedia.org/wiki/Football_Federation_of_Chile
T-14,China,CHN,1,1,CF-1,https://en.wikipedia.org/wiki/China_national_football_team,https://en.wikipedia.org/wiki/China_women's_national_football_team,https://en.wikipedia.org/wiki/Chinese_Football_Association
T-15,Chinese Taipei,TWN,0,1,CF-1,,https://en.wikipedia.org/wiki/Chinese_Taipei_women's_national_football_team,https://en.wikipedia.org/wiki/Chinese_Taipei_Football_Association
T-16,Colombia,COL,1,1,CF-4,https://en.wikipedia.org/wiki/Colombia_national_football_team,https://en.wikipedia.org/wiki/Colombia_women's_national_football_team,https://en.wikipedia.org/wiki/Colombian_Football_Federation
T-17,Costa Rica,CRI,1,1,CF-3,https://en.wikipedia.org/wiki/Costa_Rica_national_football_team,https://en.wikipedia.org/wiki/Costa_Rica_women's_national_football_team,https://en.wikipedia.org/wiki/Costa_Rican_Football_Federation
T-18,Croatia,HRV,1,0,CF-6,https://en.wikipedia.org/wiki/Croatia_national_football_team,,https://en.wikipedia.org/wiki/Croatian_Football_Federation
T-19,Cuba,CUB,1,0,CF-3,https://en.wikipedia.org/wiki/Cuba_national_football_team,,https://en.wikipedia.org/wiki/Football_Association_of_Cuba
T-20,Czech Republic,CZE,1,0,CF-6,https://en.wikipedia.org/wiki/Czech_Republic_national_football_team,,https://en.wikipedia.org/wiki/Football_Association_of_the_Czech_Republic
T-21,Czechoslovakia,CSK,1,0,CF-6,https://en.wikipedia.org/wiki/Czechoslovakia_national_football_team,,https://en.wikipedia.org/wiki/Football_Association_of_the_Czech_Republic
T-22,Denmark,DNK,1,1,CF-6,https://en.wikipedia.org/wiki/Denmark_national_football_team,https://en.wikipedia.org/wiki/Denmark_women's_national_football_team,https://en.wikipedia.org/wiki/Danish_Football_Association
T-23,Dutch East Indies,IDN,1,0,CF-1,https://en.wikipedia.org/wiki/Indonesia_national_football_team,,https://en.wikipedia.org/wiki/Football_Association_of_Indonesia
T-24,East Germany,DDR,1,0,CF-6,https://en.wikipedia.org/wiki/East_Germany_national_football_team,,https://en.wikipedia.org/wiki/Deutscher_Fußball-Verband_der_DDR
T-25,Ecuador,ECU,1,1,CF-4,https://en.wikipedia.org/wiki/Ecuador_national_football_team,https://en.wikipedia.org/wiki/Ecuador_women's_national_football_team,https://en.wikipedia.org/wiki/Ecuadorian_Football_Federation
T-26,Egypt,EGY,1,0,CF-2,https://en.wikipedia.org/wiki/Egypt_national_football_team,,https://en.wikipedia.org/wiki/Egyptian_Football_Association
T-27,El Salvador,SLV,1,0,CF-3,https://en.wikipedia.org/wiki/El_Salvador_national_football_team,,https://en.wikipedia.org/wiki/Salvadoran_Football_Federation
T-28,England,ENG,1,1,CF-6,https://en.wikipedia.org/wiki/England_national_football_team,https://en.wikipedia.org/wiki/England_women's_national_football_team,https://en.wikipedia.org/wiki/The_Football_Association
T-29,Equatorial Guinea,GNQ,0,1,CF-2,,https://en.wikipedia.org/wiki/Equatorial_Guinea_women's_national_football_team,https://en.wikipedia.org/wiki/Equatoguinean_Football_Federation
T-30,France,FRA,1,1,CF-6,https://en.wikipedia.org/wiki/France_national_football_team,https://en.wikipedia.org/wiki/France_women's_national_football_team,https://en.wikipedia.org/wiki/French_Football_Federation
T-31,Germany,DEU,1,1,CF-6,https://en.wikipedia.org/wiki/Germany_national_football_team,https://en.wikipedia.org/wiki/Germany_women's_national_football_team,https://en.wikipedia.org/wiki/German_Football_Association
T-32,Ghana,GHA,1,1,CF-2,https://en.wikipedia.org/wiki/Ghana_national_football_team,https://en.wikipedia.org/wiki/Ghana_women's_national_football_team,https://en.wikipedia.org/wiki/Ghana_Football_Association
T-33,Greece,GRC,1,0,CF-6,https://en.wikipedia.org/wiki/Greece_national_football_team,,https://en.wikipedia.org/wiki/Hellenic_Football_Federation
T-34,Haiti,HTI,1,0,CF-3,https://en.wikipedia.org/wiki/Haiti_national_football_team,,https://en.wikipedia.org/wiki/Haitian_Football_Federation
T-35,Honduras,HND,1,0,CF-3,https://en.wikipedia.org/wiki/Honduras_national_football_team,,https://en.wikipedia.org/wiki/National_Autonomous_Federation_of_Football_of_Honduras
T-36,Hungary,HUN,1,0,CF-6,https://en.wikipedia.org/wiki/Hungary_national_football_team,,https://en.wikipedia.org/wiki/Hungarian_Football_Federation
T-37,Iceland,ISL,1,0,CF-6,https://en.wikipedia.org/wiki/Iceland_national_football_team,,https://en.wikipedia.org/wiki/Football_Association_of_Iceland
T-38,Iran,IRN,1,0,CF-1,https://en.wikipedia.org/wiki/Iran_national_football_team,,https://en.wikipedia.org/wiki/Football_Federation_Islamic_Republic_of_Iran
T-39,Iraq,IRQ,1,0,CF-1,https://en.wikipedia.org/wiki/Iraq_national_football_team,,https://en.wikipedia.org/wiki/Iraq_Football_Association
T-40,Israel,ISR,1,0,CF-6,https://en.wikipedia.org/wiki/Israel_national_football_team,,https://en.wikipedia.org/wiki/Israel_Football_Association
T-41,Italy,ITA,1,1,CF-6,https://en.wikipedia.org/wiki/Italy_national_football_team,https://en.wikipedia.org/wiki/Italy_women's_national_football_team,https://en.wikipedia.org/wiki/Italian_Football_Federation
T-42,Ivory Coast,CIV,1,1,CF-2,https://en.wikipedia.org/wiki/Ivory_Coast_national_football_team,https://en.wikipedia.org/wiki/Ivory_Coast_women's_national_football_team,https://en.wikipedia.org/wiki/Ivorian_Football_Federation
T-43,Jamaica,JAM,1,1,CF-3,https://en.wikipedia.org/wiki/Jamaica_national_football_team,https://en.wikipedia.org/wiki/Jamaica_women's_national_football_team,https://en.wikipedia.org/wiki/Jamaica_Football_Federation
T-44,Japan,JPN,1,1,CF-1,https://en.wikipedia.org/wiki/Japan_national_football_team,https://en.wikipedia.org/wiki/Japan_women's_national_football_team,https://en.wikipedia.org/wiki/Japan_Football_Association
T-45,Kuwait,KWT,1,0,CF-1,https://en.wikipedia.org/wiki/Kuwait_national_football_team,,https://en.wikipedia.org/wiki/Kuwait_Football_Association
T-46,Mexico,MEX,1,1,CF-3,https://en.wikipedia.org/wiki/Mexico_national_football_team,https://en.wikipedia.org/wiki/Mexico_women's_national_football_team,https://en.wikipedia.org/wiki/Mexican_Football_Federation
T-47,Morocco,MAR,1,0,CF-2,https://en.wikipedia.org/wiki/Morocco_national_football_team,,https://en.wikipedia.org/wiki/Royal_Moroccan_Football_Federation
T-48,Netherlands,NLD,1,1,CF-6,https://en.wikipedia.org/wiki/Netherlands_national_football_team,https://en.wikipedia.org/wiki/Netherlands_women's_national_football_team,https://en.wikipedia.org/wiki/Royal_Dutch_Football_Association
T-49,New Zealand,NZL,1,1,CF-5,https://en.wikipedia.org/wiki/New_Zealand_national_football_team,https://en.wikipedia.org/wiki/New_Zealand_women's_national_football_team,https://en.wikipedia.org/wiki/New_Zealand_Football
T-50,Nigeria,NGA,1,1,CF-2,https://en.wikipedia.org/wiki/Nigeria_national_football_team,https://en.wikipedia.org/wiki/Nigeria_women's_national_football_team,https://en.wikipedia.org/wiki/Nigeria_Football_Federation
T-51,North Korea,PRK,1,1,CF-1,https://en.wikipedia.org/wiki/North_Korea_national_football_team,https://en.wikipedia.org/wiki/North_Korea_women's_national_football_team,https://en.wikipedia.org/wiki/DPR_Korea_Football_Association
T-52,Northern Ireland,NIR,1,0,CF-6,https://en.wikipedia.org/wiki/Northern_Ireland_national_football_team,,https://en.wikipedia.org/wiki/Irish_Football_Association
T-53,Norway,NOR,1,1,CF-6,https://en.wikipedia.org/wiki/Norway_national_football_team,https://en.wikipedia.org/wiki/Norway_women's_national_football_team,https://en.wikipedia.org/wiki/Norwegian_Football_Federation
T-54,Panama,PAN,1,0,CF-3,https://en.wikipedia.org/wiki/Panama_national_football_team,,https://en.wikipedia.org/wiki/Panamanian_Football_Federation
T-55,Paraguay,PRY,1,0,CF-4,https://en.wikipedia.org/wiki/Paraguay_national_football_team,,https://en.wikipedia.org/wiki/Paraguayan_Football_Association
T-56,Peru,PER,1,0,CF-4,https://en.wikipedia.org/wiki/Peru_national_football_team,,https://en.wikipedia.org/wiki/Peruvian_Football_Federation
T-57,Poland,POL,1,0,CF-6,https://en.wikipedia.org/wiki/Poland_national_football_team,,https://en.wikipedia.org/wiki/Polish_Football_Association
T-58,Portugal,PRT,1,0,CF-6,https://en.wikipedia.org/wiki/Portugal_national_football_team,,https://en.wikipedia.org/wiki/Portuguese_Football_Federation
T-59,Qatar,QAT,1,0,CF-1,https://en.wikipedia.org/wiki/Qatar_national_football_team,,https://en.wikipedia.org/wiki/Qatar_Football_Association
T-60,Republic of Ireland,IRL,1,0,CF-6,https://en.wikipedia.org/wiki/Republic_of_Ireland_national_football_team,,https://en.wikipedia.org/wiki/Football_Association_of_Ireland
T-61,Romania,ROU,1,0,CF-6,https://en.wikipedia.org/wiki/Romania_national_football_team,,https://en.wikipedia.org/wiki/Romanian_Football_Federation
T-62,Russia,RUS,1,1,CF-6,https://en.wikipedia.org/wiki/Russia_national_football_team,https://en.wikipedia.org/wiki/Russia_women's_national_football_team,https://en.wikipedia.org/wiki/Russian_Football_Union
T-63,Saudi Arabia,SAU,1,0,CF-1,https://en.wikipedia.org/wiki/Saudi_Arabia_national_football_team,,https://en.wikipedia.org/wiki/Saudi_Arabian_Football_Federation
T-64,Scotland,SCO,1,1,CF-6,https://en.wikipedia.org/wiki/Scotland_national_football_team,https://en.wikipedia.org/wiki/Scotland_women's_national_football_team,https://en.wikipedia.org/wiki/Scottish_Football_Association
T-65,Senegal,SEN,1,0,CF-2,https://en.wikipedia.org/wiki/Senegal_national_football_team,,https://en.wikipedia.org/wiki/Senegalese_Football_Federation
T-66,Serbia,SRB,1,0,CF-6,https://en.wikipedia.org/wiki/Serbia_national_football_team,,https://en.wikipedia.org/wiki/Football_Association_of_Serbia
T-67,Serbia and Montenegro,SCG,1,0,CF-6,https://en.wikipedia.org/wiki/Serbia_and_Montenegro_national_football_team,,https://en.wikipedia.org/wiki/Football_Association_of_Serbia_and_Montenegro
T-68,Slovakia,SVK,1,0,CF-6,https://en.wikipedia.org/wiki/Slovakia_national_football_team,,https://en.wikipedia.org/wiki/Slovak_Football_Association
T-69,Slovenia,SVN,1,0,CF-6,https://en.wikipedia.org/wiki/Slovenia_national_football_team,,https://en.wikipedia.org/wiki/Football_Association_of_Slovenia
T-70,South Africa,ZAF,1,1,CF-2,https://en.wikipedia.org/wiki/South_Africa_national_soccer_team,https://en.wikipedia.org/wiki/South_Africa_women's_national_soccer_team,https://en.wikipedia.org/wiki/South_African_Football_Association
T-71,South Korea,KOR,1,1,CF-1,https://en.wikipedia.org/wiki/South_Korea_national_football_team,https://en.wikipedia.org/wiki/South_Korea_women's_national_football_team,https://en.wikipedia.org/wiki/Korea_Football_Association
T-72,Soviet Union,SUN,1,0,CF-6,https://en.wikipedia.org/wiki/Soviet_Union_national_football_team,,https://en.wikipedia.org/wiki/Football_Federation_of_the_Soviet_Union
T-73,Spain,ESP,1,1,CF-6,https://en.wikipedia.org/wiki/Spain_national_football_team,https://en.wikipedia.org/wiki/Spain_women's_national_football_team,https://en.wikipedia.org/wiki/Royal_Spanish_Football_Federation
T-74,Sweden,SWE,1,1,CF-6,https://en.wikipedia.org/wiki/Sweden_national_football_team,https://en.wikipedia.org/wiki/Sweden_women's_national_football_team,https://en.wikipedia.org/wiki/Swedish_Football_Association
T-75,Switzerland,CHE,1,1,CF-6,https://en.wikipedia.org/wiki/Switzerland_national_football_team,https://en.wikipedia.org/wiki/Switzerland_women's_national_football_team,https://en.wikipedia.org/wiki/Swiss_Football_Association
T-76,Thailand,THA,0,1,CF-1,,https://en.wikipedia.org/wiki/Thailand_women's_national_football_team,https://en.wikipedia.org/wiki/Football_Association_of_Thailand
T-77,Togo,TGO,1,0,CF-2,https://en.wikipedia.org/wiki/Togo_national_football_team,,https://en.wikipedia.org/wiki/Togolese_Football_Federation
T-78,Trinidad and Tobago,TTO,1,0,CF-3,https://en.wikipedia.org/wiki/Trinidad_and_Tobago_national_football_team,,https://en.wikipedia.org/wiki/Trinidad_and_Tobago_Football_Association
T-79,Tunisia,TUN,1,0,CF-2,https://en.wikipedia.org/wiki/Tunisia_national_football_team,,https://en.wikipedia.org/wiki/Tunisian_Football_Federation
T-80,Turkey,TUR,1,0,CF-6,https://en.wikipedia.org/wiki/Turkey_national_football_team,,https://en.wikipedia.org/wiki/Turkish_Football_Federation
T-81,Ukraine,UKR,1,0,CF-6,https://en.wikipedia.org/wiki/Ukraine_national_football_team,,https://en.wikipedia.org/wiki/Ukrainian_Association_of_Football
T-82,United Arab Emirates,ARE,1,0,CF-1,https://en.wikipedia.org/wiki/United_Arab_Emirates_national_football_team,,https://en.wikipedia.org/wiki/United_Arab_Emirates_Football_Association
T-83,United States,USA,1,1,CF-3,https://en.wikipedia.org/wiki/United_States_men%27s_national_soccer_team,https://en.wikipedia.org/wiki/United_States_women's_national_soccer_team,https://en.wikipedia.org/wiki/United_States_Soccer_Federation
T-84,Uruguay,URY,1,0,CF-4,https://en.wikipedia.org/wiki/Uruguay_national_football_team,,https://en.wikipedia.org/wiki/Uruguayan_Football_Association
T-85,Wales,WAL,1,0,CF-6,https://en.wikipedia.org/wiki/Wales_national_football_team,,https://en.wikipedia.org/wiki/Football_Association_of_Wales
T-86,West Germany,DEU,1,0,CF-6,https://en.wikipedia.org/wiki/Germany_national_football_team,,https://en.wikipedia.org/wiki/German_Football_Association
T-87,Yugoslavia,YUG,1,0,CF-6,https://en.wikipedia.org/wiki/Yugoslavia_national_football_team,,https://en.wikipedia.org/wiki/Football_Association_of_Yugoslavia
T-88,Zaire,COD,1,0,CF-2,https://en.wikipedia.org/wiki/DR_Congo_national_football_team,,https://en.wikipedia.org/wiki/Congolese_Association_Football_Federation
